{"products":[{"id":"0.699758673259115","qty":2}],"totalPrice":59.980000000000004}